date,code,open,high,low,close,preclose,volume,amount,adjustflag,turn,tradestatus,pctChg,isST
2020-01-02,sh.600183,21.3800,22.9700,21.0300,22.7400,20.9200,97498793,2152265774.0000,3,4.283400,1,8.699800,0
2020-01-03,sh.600183,22.8000,23.1500,22.5000,22.8000,22.7400,67222064,1536373878.0000,3,2.953300,1,0.263800,0
2020-01-06,sh.600183,22.6200,23.7900,22.3300,23.4800,22.8000,76493115,1781544909.0000,3,3.360600,1,2.982500,0
2020-01-07,sh.600183,23.5100,23.7500,23.0200,23.3000,23.4800,44759589,1039496425.0000,3,1.966400,1,-0.766600,0
2020-01-08,sh.600183,23.1100,23.1200,22.4200,22.5100,23.3000,41779383,951450159.0000,3,1.835500,1,-3.390600,0
2020-01-09,sh.600183,22.9000,23.0000,22.6100,23.0000,22.5100,34423410,786079261.0000,3,1.512300,1,2.176800,0
2020-01-10,sh.600183,23.0900,23.5000,22.9000,23.1000,23.0000,41145597,956207639.0000,3,1.807700,1,0.434800,0
2020-01-13,sh.600183,23.2200,24.4500,23.0500,24.3200,23.1000,75941510,1817789557.0000,3,3.336300,1,5.281400,0
2020-01-14,sh.600183,24.3500,24.4300,23.7500,23.8800,24.3200,42727532,1024187777.0000,3,1.877200,1,-1.809200,0
2020-01-15,sh.600183,23.8300,24.0600,23.3900,23.9300,23.8800,35769914,849783325.0000,3,1.571500,1,0.209400,0
2020-01-16,sh.600183,23.9400,23.9400,23.4800,23.6000,23.9300,30099024,711767053.0000,3,1.322300,1,-1.379000,0
2020-01-17,sh.600183,23.7100,23.7800,22.8500,23.0000,23.6000,37521913,868731782.0000,3,1.648500,1,-2.542400,0
2020-01-20,sh.600183,23.1200,24.2400,23.0900,24.2000,23.0000,54775473,1302957342.0000,3,2.406500,1,5.217400,0
2020-01-21,sh.600183,24.0000,25.2000,23.8600,24.6200,24.2000,57630633,1425463476.0000,3,2.531900,1,1.735500,0
2020-01-22,sh.600183,24.3000,26.0500,23.9800,25.7500,24.6200,64772556,1639391171.0000,3,2.845700,1,4.589800,0
2020-01-23,sh.600183,25.1000,25.7800,23.7700,24.3200,25.7500,57257656,1424481779.0000,3,2.515500,1,-5.553400,0
2020-02-03,sh.600183,21.8900,21.8900,21.8900,21.8900,24.3200,11385100,249219839.0000,3,0.500200,1,-9.991800,0
2020-02-04,sh.600183,19.9000,22.5800,19.8600,21.5500,21.8900,57254300,1232655999.0000,3,2.515400,1,-1.553200,0
2020-02-05,sh.600183,21.7000,22.4500,21.0100,21.3400,21.5500,55144438,1199801517.0000,3,2.422700,1,-0.974500,0
2020-02-06,sh.600183,21.2000,22.3300,20.7400,21.9200,21.3400,56252247,1203792832.0000,3,2.471300,1,2.717900,0
2020-02-07,sh.600183,22.0300,23.1200,21.8100,22.9400,21.9200,61523136,1389187541.0000,3,2.702900,1,4.653300,0
2020-02-10,sh.600183,22.9400,23.7500,22.6100,23.3600,22.9400,46699005,1085365665.0000,3,2.051600,1,1.830900,0
2020-02-11,sh.600183,23.4900,23.6000,22.6700,23.1800,23.3600,48354652,1116200349.0000,3,2.124400,1,-0.770500,0
2020-02-12,sh.600183,23.0000,23.9000,22.8200,23.8100,23.1800,48861929,1146329251.0000,3,2.146700,1,2.717900,0
2020-02-13,sh.600183,23.7000,24.9700,23.6000,24.3400,23.8100,60005945,1468708005.0000,3,2.636200,1,2.226000,0
2020-02-14,sh.600183,24.4500,26.2700,24.3000,25.8900,24.3400,79504572,2039407834.0000,3,3.492900,1,6.368100,0
2020-02-17,sh.600183,25.8900,28.3500,25.7000,28.0000,25.8900,86810951,2367033023.0000,3,3.813900,1,8.149900,0
2020-02-18,sh.600183,28.0000,28.1700,27.3500,27.9800,28.0000,54880912,1528680315.0000,3,2.411100,1,-0.071400,0
2020-02-19,sh.600183,27.7000,28.5000,26.9000,27.0800,27.9800,57242012,1585050566.0000,3,2.514800,1,-3.216600,0
2020-02-20,sh.600183,27.4600,28.3000,26.8800,27.9500,27.0800,58221736,1611299182.0000,3,2.557900,1,3.212700,0
2020-02-21,sh.600183,29.3000,30.6800,28.8300,29.2800,27.9500,83845692,2481513624.0000,3,3.683600,1,4.758500,0
2020-02-24,sh.600183,29.6600,32.2100,29.6600,32.2100,29.2800,79957967,2529014543.0000,3,3.512800,1,10.006800,0
2020-02-25,sh.600183,32.0100,34.2700,30.3800,33.6900,32.2100,130993795,4281408973.0000,3,5.755000,1,4.594800,0
2020-02-26,sh.600183,32.6000,33.2500,30.3200,30.5500,33.6900,92154711,2916706284.0000,3,4.048600,1,-9.320300,0
2020-02-27,sh.600183,30.5000,31.9500,29.6100,30.9900,30.5500,65599304,2029987449.0000,3,2.882000,1,1.440300,0
2020-02-28,sh.600183,29.7900,32.3000,29.3000,30.8500,30.9900,77859531,2387378736.0000,3,3.420600,1,-0.451800,0
2020-03-02,sh.600183,32.1000,33.9400,32.0900,33.9400,30.8500,71169019,2354378591.0000,3,3.126700,1,10.016200,0
2020-03-03,sh.600183,35.7000,36.8000,32.5400,33.8800,33.9400,105509687,3651728671.0000,3,4.635400,1,-0.176800,0
2020-03-04,sh.600183,32.9000,33.2800,31.5000,32.2900,33.8800,73628716,2381235174.0000,3,3.234700,1,-4.693000,0
2020-03-05,sh.600183,33.5500,33.9800,31.1500,31.9200,32.2900,69948721,2262704920.0000,3,3.073100,1,-1.145900,0
2020-03-06,sh.600183,30.7700,31.9900,30.7700,31.3500,31.9200,36054795,1135876506.0000,3,1.584000,1,-1.785700,0
2020-03-09,sh.600183,30.7400,32.1900,29.9600,30.0000,31.3500,49801290,1537344478.0000,3,2.187900,1,-4.306200,0
2020-03-10,sh.600183,29.9000,33.0000,29.8300,33.0000,30.0000,70116900,2217646701.0000,3,3.080400,1,10.000000,0
2020-03-11,sh.600183,33.1100,34.3000,32.2100,33.0000,33.0000,65006453,2161534099.0000,3,2.855900,1,0.000000,0
2020-03-12,sh.600183,31.7000,32.8300,31.0700,32.7700,33.0000,46642074,1488959519.0000,3,2.049100,1,-0.697000,0
2020-03-13,sh.600183,31.0000,33.8000,30.9700,33.1900,32.7700,60155912,1956113620.0000,3,2.642800,1,1.281700,0
2020-03-16,sh.600183,33.3900,33.5000,29.8700,29.8700,33.1900,70998400,2215864812.0000,3,3.119200,1,-10.003000,0
2020-03-17,sh.600183,30.2400,30.6500,26.8800,29.0000,29.8700,70880966,2018527739.0000,3,3.114000,1,-2.912600,0
2020-03-18,sh.600183,29.1600,30.4800,28.3800,28.4500,29.0000,45260676,1330753824.0000,3,1.988400,1,-1.896500,0
2020-03-19,sh.600183,28.5000,30.2200,27.6000,29.5500,28.4500,48285365,1398524325.0000,3,2.121300,1,3.866400,0
2020-03-20,sh.600183,30.4100,30.4900,28.7800,29.3000,29.5500,36054453,1063371966.0000,3,1.584000,1,-0.846000,0
2020-03-23,sh.600183,27.8800,29.0500,27.0500,27.7400,29.3000,41533167,1167042541.0000,3,1.824700,1,-5.324200,0
2020-03-24,sh.600183,28.6600,28.6700,25.9600,27.5000,27.7400,43452087,1186436356.0000,3,1.909000,1,-0.865200,0
2020-03-25,sh.600183,28.3600,29.1400,27.6600,28.1900,27.5000,52902284,1502177485.0000,3,2.324200,1,2.509100,0
2020-03-26,sh.600183,28.1400,28.6200,27.4900,27.7000,28.1900,31152632,872996972.0000,3,1.368600,1,-1.738200,0
2020-03-27,sh.600183,28.2500,28.4600,27.1800,27.3000,27.7000,26888279,747582316.0000,3,1.181300,1,-1.444000,0
2020-03-30,sh.600183,26.7200,27.2000,25.1800,26.5000,27.3000,42467602,1102379459.0000,3,1.865700,1,-2.930400,0
2020-03-31,sh.600183,26.8100,27.0500,25.8300,26.4700,26.5000,29339253,775513738.0000,3,1.289000,1,-0.113200,0
2020-04-01,sh.600183,26.1000,27.1800,26.0000,26.4000,26.4700,33131466,884990846.0000,3,1.455600,1,-0.264400,0
2020-04-02,sh.600183,26.4100,27.5400,26.2600,27.4800,26.4000,40127077,1084919395.0000,3,1.762900,1,4.090900,0
2020-04-03,sh.600183,27.3000,27.4500,26.2800,26.4600,27.4800,32744797,876360877.0000,3,1.438600,1,-3.711800,0
2020-04-07,sh.600183,27.3000,28.0700,27.2000,27.9200,26.4600,40315186,1118018045.0000,3,1.771200,1,5.517800,0
2020-04-08,sh.600183,27.7500,28.9500,27.5000,28.4100,27.9200,35625129,1011909733.0000,3,1.565100,1,1.755000,0
2020-04-09,sh.600183,28.7400,29.4500,28.4000,28.7300,28.4100,28230365,816559844.0000,3,1.240200,1,1.126400,0
2020-04-10,sh.600183,28.6600,29.1600,28.1000,28.5600,28.7300,26393449,755053234.0000,3,1.159500,1,-0.591700,0
2020-04-13,sh.600183,28.1000,28.3100,27.2000,27.7600,28.5600,23907715,663012776.0000,3,1.050300,1,-2.801100,0
2020-04-14,sh.600183,28.1800,28.9800,28.0000,28.9500,27.7600,24612702,700916584.0000,3,1.081300,1,4.286700,0
2020-04-15,sh.600183,29.0000,29.3400,28.4000,28.5500,28.9500,22856256,661835733.0000,3,1.004100,1,-1.381700,0
2020-04-16,sh.600183,28.0000,28.7300,27.7200,28.3100,28.5500,16600533,468351931.0000,3,0.729300,1,-0.840600,0
2020-04-17,sh.600183,29.0100,29.5000,28.7800,28.9600,28.3100,29636242,865380585.0000,3,1.302000,1,2.296000,0
2020-04-20,sh.600183,29.1000,30.5500,28.9700,30.2000,28.9600,30502254,908706827.0000,3,1.340100,1,4.281800,0
2020-04-21,sh.600183,29.8000,31.4500,29.7000,31.0900,30.2000,35291498,1083564906.0000,3,1.550500,1,2.947000,0
2020-04-22,sh.600183,30.7800,31.2600,30.1800,30.8400,31.0900,20464473,627921694.0000,3,0.899100,1,-0.804100,0
2020-04-23,sh.600183,30.8400,31.8000,30.5300,30.9600,30.8400,23650851,736935940.0000,3,1.039100,1,0.389100,0
2020-04-24,sh.600183,30.9600,31.5000,29.7300,29.8700,30.9600,24778612,750503596.0000,3,1.088600,1,-3.520700,0
2020-04-27,sh.600183,30.0600,30.6300,29.0000,30.1700,29.8700,24266412,728471951.0000,3,1.066100,1,1.004300,0
2020-04-28,sh.600183,30.1700,31.1000,29.5000,30.7300,30.1700,27488647,838154034.0000,3,1.207700,1,1.856100,0
2020-04-29,sh.600183,31.3000,32.0300,30.8000,30.9500,30.7300,30204023,950829962.0000,3,1.327000,1,0.715900,0
2020-04-30,sh.600183,31.5000,32.6100,31.1400,32.4600,30.9500,35656112,1143544836.0000,3,1.566500,1,4.878800,0
2020-05-06,sh.600183,32.2500,33.1200,32.0300,32.9600,32.4600,33892444,1110813952.0000,3,1.489000,1,1.540400,0
2020-05-07,sh.600183,34.0000,34.3500,32.3300,32.8100,32.9600,43472078,1444116491.0000,3,1.909900,1,-0.455100,0
2020-05-08,sh.600183,32.6000,33.3400,32.1800,32.3500,32.8100,36403726,1184138354.0000,3,1.599300,1,-1.402000,0
2020-05-11,sh.600183,32.4500,32.6100,30.8800,31.4000,32.3500,44619250,1407046431.0000,3,1.960300,1,-2.936600,0
2020-05-12,sh.600183,31.3800,31.8600,30.8000,31.8600,31.4000,28791332,906323369.0000,3,1.264900,1,1.465000,0
2020-05-13,sh.600183,31.4800,31.9200,31.0000,31.7000,31.8600,28180885,886008670.0000,3,1.238100,1,-0.502200,0
2020-05-14,sh.600183,31.4800,32.8600,31.2500,32.3500,31.7000,38624343,1251125149.0000,3,1.696900,1,2.050500,0
2020-05-15,sh.600183,32.3700,32.6500,31.8500,31.9900,32.3500,36605213,1175081981.0000,3,1.608200,1,-1.112800,0
2020-05-18,sh.600183,31.1100,31.3500,29.2600,29.4400,31.9900,66439730,1987827408.0000,3,2.918900,1,-7.971200,0
2020-05-19,sh.600183,29.7300,30.3100,29.3800,30.1800,29.4400,30040760,897383746.0000,3,1.319800,1,2.513600,0
2020-05-20,sh.600183,29.9900,30.2700,28.9100,29.2500,30.1800,28892951,851480047.0000,3,1.269400,1,-3.081500,0
2020-05-21,sh.600183,29.3600,29.3800,28.0000,28.2000,29.2500,38747637,1101731655.0000,3,1.702300,1,-3.589700,0
2020-05-22,sh.600183,28.1000,28.3500,27.1600,27.7600,28.2000,29782173,824853668.0000,3,1.308400,1,-1.560300,0
2020-05-25,sh.600183,27.6000,27.6700,26.6800,26.9900,27.7600,37100059,1001945395.0000,3,1.629900,1,-2.773800,0
2020-05-26,sh.600183,27.3000,27.9300,27.2300,27.8000,26.9900,29390146,810400084.0000,3,1.291200,1,3.001100,0
2020-05-27,sh.600183,27.7600,27.9500,26.9000,27.2000,27.8000,29466034,800599179.0000,3,1.294500,1,-2.158300,0
2020-05-28,sh.600183,27.0000,27.4600,26.3500,27.4500,27.2000,26191573,704810443.0000,3,1.150700,1,0.919100,0
2020-05-29,sh.600183,27.1700,27.2500,26.6400,26.8000,27.0500,24481643,658757437.0000,3,1.075600,1,-0.924200,0
2020-06-01,sh.600183,27.1500,28.6800,27.1500,28.5100,26.8000,41566640,1172096371.0000,3,1.826100,1,6.380600,0
2020-06-02,sh.600183,28.5500,29.0200,28.2700,28.7900,28.5100,29018702,831098345.0000,3,1.274900,1,0.982100,0
2020-06-03,sh.600183,28.9500,29.0000,28.0800,28.2500,28.7900,33767897,959057970.0000,3,1.483500,1,-1.875700,0
2020-06-04,sh.600183,28.2500,28.4700,27.5700,27.7700,28.2500,24077453,672672774.0000,3,1.057800,1,-1.699100,0
2020-06-05,sh.600183,27.8000,28.0600,27.4500,27.8600,27.7700,20388882,565011859.0000,3,0.895700,1,0.324100,0
2020-06-08,sh.600183,28.1500,28.5500,27.4800,27.5100,27.8600,35549240,993118959.0000,3,1.561800,1,-1.256300,0
2020-06-09,sh.600183,27.4800,27.9400,27.0500,27.6500,27.5100,31739571,879049689.0000,3,1.394400,1,0.508900,0
2020-06-10,sh.600183,27.6300,27.6500,26.9300,27.2000,27.6500,29334997,798622510.0000,3,1.288800,1,-1.627500,0
2020-06-11,sh.600183,27.3200,28.3500,27.2400,27.7300,27.2000,38666611,1077098146.0000,3,1.698700,1,1.948500,0
2020-06-12,sh.600183,27.0900,27.5800,26.9500,27.5200,27.7300,24954642,683208555.0000,3,1.096300,1,-0.757300,0
2020-06-15,sh.600183,27.2000,27.2000,26.5100,26.6100,27.5200,36169772,968447702.0000,3,1.589000,1,-3.306700,0
2020-06-16,sh.600183,27.0500,28.4400,27.0500,28.4100,26.6100,53376194,1482331110.0000,3,2.345000,1,6.764400,0
2020-06-17,sh.600183,28.4500,29.3500,28.0300,29.2800,28.4100,53852990,1541349259.0000,3,2.365900,1,3.062300,0
2020-06-18,sh.600183,29.1800,29.8800,28.8300,29.5300,29.2800,49947899,1472938896.0000,3,2.194400,1,0.853800,0
2020-06-19,sh.600183,29.5200,29.6800,29.1200,29.3100,29.5300,34266231,1005289798.0000,3,1.505400,1,-0.745000,0
2020-06-22,sh.600183,29.3100,30.2700,29.3100,29.6800,29.3100,40443808,1209986276.0000,3,1.776800,1,1.262400,0
2020-06-23,sh.600183,29.5500,29.9600,29.0000,29.2500,29.6800,40501548,1187757499.0000,3,1.779400,1,-1.448800,0
2020-06-24,sh.600183,29.3600,30.1000,29.1200,29.8800,29.2500,41957314,1248866071.0000,3,1.843300,1,2.153800,0
2020-06-29,sh.600183,29.7000,29.7500,28.7700,29.0200,29.8800,34969112,1019795969.0000,3,1.536300,1,-2.878200,0
2020-06-30,sh.600183,29.1600,29.6800,29.1300,29.2700,29.0200,28832311,845946944.0000,3,1.266700,1,0.861500,0
2020-07-01,sh.600183,29.4500,29.5600,28.5000,29.1000,29.2700,35816057,1041568828.0000,3,1.567800,1,-0.580800,0
2020-07-02,sh.600183,29.1000,29.7500,28.6700,29.6400,29.1000,41153279,1210341369.0000,3,1.801400,1,1.855700,0
2020-07-03,sh.600183,29.5400,30.8800,29.1300,30.7000,29.6400,60900980,1831050916.0000,3,2.665800,1,3.576300,0
2020-07-06,sh.600183,30.9400,32.0000,30.6500,31.5000,30.7000,67773336,2125972551.0000,3,2.966600,1,2.605900,0
2020-07-07,sh.600183,31.6000,32.8000,31.5800,31.7800,31.5000,69673504,2239703271.0000,3,3.049800,1,0.888900,0
2020-07-08,sh.600183,31.6000,32.6600,31.1300,32.4300,31.7800,62705531,1994392536.0000,3,2.744800,1,2.045300,0
2020-07-09,sh.600183,32.2700,34.9600,32.1600,34.2800,32.4300,75336243,2538358372.0000,3,3.297700,1,5.704600,0
2020-07-10,sh.600183,33.8000,34.1200,32.6400,33.1000,34.2800,61973485,2065841941.0000,3,2.712800,1,-3.442200,0
2020-07-13,sh.600183,33.3500,35.2700,33.3000,34.8200,33.1000,65393243,2235704179.0000,3,2.862500,1,5.196400,0
2020-07-14,sh.600183,34.9200,34.9200,32.6500,33.4000,34.8200,56422136,1899053542.0000,3,2.469800,1,-4.078100,0
2020-07-15,sh.600183,33.2000,33.5000,30.8800,31.0000,33.4000,75083746,2377537562.0000,3,3.286600,1,-7.185600,0
2020-07-16,sh.600183,31.4300,31.4800,28.7300,29.2300,31.0000,57324774,1724202685.0000,3,2.509300,1,-5.709700,0
2020-07-17,sh.600183,29.2400,29.4800,28.3800,29.0000,29.2300,41486968,1204562625.0000,3,1.816000,1,-0.786900,0
2020-07-20,sh.600183,29.3000,29.7900,28.6000,29.7500,29.0000,30622376,898335869.0000,3,1.340400,1,2.586200,0
2020-07-21,sh.600183,29.8300,30.2800,29.3600,29.8700,29.7500,28416023,847017474.0700,3,1.243900,1,0.403400,0
2020-07-22,sh.600183,29.8200,30.4500,29.4800,29.8900,29.8700,33928304,1016949472.3000,3,1.485100,1,0.067000,0
2020-07-23,sh.600183,29.5900,29.7400,28.4100,28.9000,29.8900,45667774,1320827425.0200,3,1.999000,1,-3.312100,0
2020-07-24,sh.600183,28.5500,28.9700,26.7500,27.1700,28.9000,51949613,1440613275.3000,3,2.274000,1,-5.986200,0
2020-07-27,sh.600183,27.3000,27.5000,26.5600,27.0000,27.1700,26440083,714112114.3100,3,1.157400,1,-0.625700,0
2020-07-28,sh.600183,27.4000,27.7500,26.9800,27.2100,27.0000,25425307,693050974.2900,3,1.112900,1,0.777800,0
2020-07-29,sh.600183,28.4000,28.9400,27.8900,28.8000,27.2100,53727522,1530812721.9800,3,2.351800,1,5.843400,0
2020-07-30,sh.600183,28.8900,29.0900,28.2100,28.5100,28.8000,36747868,1049001158.3300,3,1.608600,1,-1.006900,0
2020-07-31,sh.600183,28.3800,29.3300,28.3300,28.7700,28.5100,34533250,997183150.9500,3,1.511600,1,0.912000,0
2020-08-03,sh.600183,29.0200,29.4800,28.8800,29.2700,28.7700,38826474,1132499274.6400,3,1.699600,1,1.737900,0
2020-08-04,sh.600183,29.3300,29.4600,28.3800,28.5900,29.2700,42670347,1228642444.9800,3,1.867800,1,-2.323200,0
2020-08-05,sh.600183,29.0900,29.2500,28.5000,28.6200,28.5900,28463538,819500709.5600,3,1.245900,1,0.104900,0
2020-08-06,sh.600183,28.5800,28.5800,27.8900,28.2200,28.6200,29708971,836125908.4000,3,1.300500,1,-1.397600,0
2020-08-07,sh.600183,28.2200,28.4200,27.0800,27.5200,28.2200,33812902,933538209.9000,3,1.480100,1,-2.480500,0
2020-08-10,sh.600183,27.4600,28.0300,27.0900,27.9000,27.5200,27744462,765542058.4300,3,1.214500,1,1.380800,0
2020-08-11,sh.600183,27.7300,28.2100,27.6100,27.6900,27.9000,26722809,746283182.9300,3,1.169700,1,-0.752700,0
2020-08-12,sh.600183,27.7100,28.0000,27.0100,27.9900,27.6900,26644052,729996790.1200,3,1.166300,1,1.083400,0
2020-08-13,sh.600183,28.2100,28.4000,27.8100,27.8800,27.9900,22499075,632098378.9600,3,0.984900,1,-0.393000,0
2020-08-14,sh.600183,27.9900,28.0900,27.6200,28.0100,27.8800,19373677,540142813.0200,3,0.848000,1,0.466300,0
2020-08-17,sh.600183,27.9800,28.6800,27.8800,28.5200,28.0100,32130780,910186612.2000,3,1.406500,1,1.820800,0
2020-08-18,sh.600183,28.5200,28.5500,27.8800,28.0100,28.5200,38499713,1082803839.9800,3,1.685300,1,-1.788200,0
2020-08-19,sh.600183,27.9700,27.9700,27.0000,27.0300,28.0100,43998972,1199346539.8700,3,1.926000,1,-3.498800,0
2020-08-20,sh.600183,26.8500,27.1700,26.2100,26.4200,27.0300,40350418,1073725092.1200,3,1.766300,1,-2.256800,0
2020-08-21,sh.600183,26.5900,26.6800,24.7900,24.9400,26.4200,81237287,2070212638.0400,3,3.556000,1,-5.601800,0
2020-08-24,sh.600183,24.8900,25.5000,24.0200,25.2000,24.9400,44105521,1096260233.0000,3,1.930600,1,1.042500,0
2020-08-25,sh.600183,25.2100,25.6900,25.0400,25.6000,25.2000,29386482,749147102.8500,3,1.286300,1,1.587300,0
2020-08-26,sh.600183,25.5200,25.5200,24.5100,24.5900,25.6000,32528992,808472670.8300,3,1.423900,1,-3.945300,0
2020-08-27,sh.600183,24.5300,24.8200,24.2500,24.7100,24.5900,19172936,471411611.7300,3,0.839300,1,0.488000,0
2020-08-28,sh.600183,24.7300,25.0800,24.2200,25.0700,24.7100,27886576,686750468.9900,3,1.220700,1,1.456900,0
2020-08-31,sh.600183,25.1000,25.4800,24.7700,24.8100,25.0700,31551022,793641094.0200,3,1.381100,1,-1.037100,0
2020-09-01,sh.600183,25.0000,25.2500,24.9700,25.1100,24.8100,22235105,558000038.0200,3,0.973300,1,1.209200,0
2020-09-02,sh.600183,25.2500,25.2800,24.8500,25.0200,25.1100,19001197,475375949.9600,3,0.831700,1,-0.358400,0
2020-09-03,sh.600183,25.0300,25.0900,24.3100,24.5400,25.0200,27982559,686640359.6400,3,1.224900,1,-1.918500,0
2020-09-04,sh.600183,24.1100,24.9600,24.0100,24.7300,24.5400,23518701,578765194.5500,3,1.029500,1,0.774200,0
2020-09-07,sh.600183,24.7300,24.9100,24.2800,24.3400,24.7300,19662283,483086417.1700,3,0.860700,1,-1.577000,0
2020-09-08,sh.600183,24.3000,24.3800,23.3500,23.5300,24.3400,32963060,782808044.3600,3,1.442900,1,-3.327900,0
2020-09-09,sh.600183,23.1500,23.1500,22.1800,22.4000,23.5300,36210688,818152621.7900,3,1.585100,1,-4.802400,0
2020-09-10,sh.600183,22.8700,23.4000,22.4100,22.5500,22.4000,33407167,766487912.9900,3,1.462300,1,0.669600,0
2020-09-11,sh.600183,22.5100,22.8700,22.1900,22.7300,22.5500,24806411,558421743.8600,3,1.085900,1,0.798200,0
2020-09-14,sh.600183,22.8400,23.1400,22.8400,23.0000,22.7300,18776589,431784417.4000,3,0.821900,1,1.187900,0
2020-09-15,sh.600183,22.9300,23.1400,22.6100,22.9800,23.0000,15609829,357108594.7900,3,0.683300,1,-0.087000,0
2020-09-16,sh.600183,22.9400,23.1000,22.5100,22.5800,22.9800,14788737,336258001.7700,3,0.647300,1,-1.740600,0
2020-09-17,sh.600183,22.5800,24.5700,22.2900,23.9600,22.5800,47626991,1125912640.5300,3,2.084800,1,6.111600,0
2020-09-18,sh.600183,23.8900,24.0600,23.3700,23.9900,23.9600,33138434,787575333.8800,3,1.450600,1,0.125200,0
2020-09-21,sh.600183,24.3700,24.9200,24.1300,24.3400,23.9900,34813406,855391329.4700,3,1.523900,1,1.458900,0
2020-09-22,sh.600183,23.8700,24.7100,23.8700,24.1800,24.3400,22330866,543648611.1300,3,0.977500,1,-0.657400,0
2020-09-23,sh.600183,24.2800,24.3400,23.7700,23.9600,24.1800,17422560,418149412.3100,3,0.762600,1,-0.909800,0
2020-09-24,sh.600183,23.7100,24.0100,23.5200,23.6800,23.9600,18834329,446759581.0700,3,0.824400,1,-1.168600,0
2020-09-25,sh.600183,24.2700,24.2900,23.2400,23.5000,23.6800,16415551,387575404.4500,3,0.718600,1,-0.760100,0
2020-09-28,sh.600183,23.5000,23.6500,23.0200,23.1100,23.5000,12572970,292103297.8300,3,0.550400,1,-1.659600,0
2020-09-29,sh.600183,23.2700,23.6300,23.1800,23.4200,23.1100,14371984,336914143.8300,3,0.629100,1,1.341400,0
2020-09-30,sh.600183,23.4200,23.6200,23.2200,23.3200,23.4200,12134843,284362264.4800,3,0.531200,1,-0.427000,0
2020-10-09,sh.600183,23.9900,24.7100,23.7800,24.4900,23.3200,27576598,672108805.4200,3,1.207100,1,5.017200,0
2020-10-12,sh.600183,24.8400,25.3800,24.7200,25.2400,24.4900,31907560,800553724.9400,3,1.393400,1,3.062500,0
2020-10-13,sh.600183,25.2400,25.2500,24.8800,25.0700,25.2400,18396094,459914387.9300,3,0.803300,1,-0.673500,0
2020-10-14,sh.600183,24.9100,24.9500,24.6300,24.6900,25.0700,16195192,400462646.3800,3,0.707200,1,-1.515800,0
2020-10-15,sh.600183,24.6900,24.8500,24.4500,24.6500,24.6900,13079790,321841354.8800,3,0.571200,1,-0.162000,0
2020-10-16,sh.600183,24.4600,24.5900,24.2100,24.3400,24.6500,13163766,320519409.1700,3,0.574800,1,-1.257600,0
2020-10-19,sh.600183,24.5000,24.8500,24.4500,24.6000,24.3400,16777629,413232392.1800,3,0.732700,1,1.068200,0
2020-10-20,sh.600183,24.4500,24.6400,24.3400,24.6200,24.6000,9083871,222573632.5100,3,0.396700,1,0.081300,0
2020-10-21,sh.600183,24.7000,24.7100,24.1100,24.2400,24.6200,10470740,254222274.6700,3,0.457200,1,-1.543500,0
2020-10-22,sh.600183,24.1200,24.1200,23.7000,23.9400,24.2400,12116977,289502699.9700,3,0.529100,1,-1.237600,0
2020-10-23,sh.600183,23.8800,24.1500,23.1000,23.2000,23.9400,15583471,366368709.0200,3,0.680500,1,-3.091100,0
2020-10-26,sh.600183,23.0000,23.5400,22.6200,23.0500,23.2000,15449976,356939564.6800,3,0.674700,1,-0.646600,0
2020-10-27,sh.600183,23.0500,23.2400,22.7800,22.9200,23.0500,14045618,322356989.4300,3,0.613400,1,-0.564000,0
2020-10-28,sh.600183,22.9000,23.5700,22.5800,23.4700,22.9200,20441815,472379228.5600,3,0.892700,1,2.399700,0
2020-10-29,sh.600183,23.1100,24.3300,23.0200,23.9300,23.4700,24464848,585984568.0500,3,1.068400,1,1.959900,0
2020-10-30,sh.600183,23.9300,24.3200,23.7000,23.9100,23.9300,19467848,466639198.1500,3,0.850100,1,-0.083600,0
2020-11-02,sh.600183,23.8500,24.0100,23.3000,23.6400,23.9100,17908847,424158514.4000,3,0.782100,1,-1.129200,0
2020-11-03,sh.600183,23.6500,24.8600,23.6500,24.7200,23.6400,35006789,861301521.7500,3,1.528700,1,4.568500,0
2020-11-04,sh.600183,24.7400,24.7900,24.2000,24.4600,24.7200,21169262,518448350.2200,3,0.924400,1,-1.051800,0
2020-11-05,sh.600183,24.7700,26.7900,24.7700,26.3900,24.4600,81173858,2107074815.0100,3,3.544800,1,7.890400,0
2020-11-06,sh.600183,26.3900,26.7500,26.1900,26.6200,26.3900,55058641,1460010646.8900,3,2.404300,1,0.871500,0
2020-11-09,sh.600183,27.0700,28.5800,27.0700,27.9300,26.6200,80914997,2270541371.3100,3,3.533500,1,4.921100,0
2020-11-10,sh.600183,27.9600,28.0000,27.2000,27.6200,27.9300,30780591,848753458.5900,3,1.344200,1,-1.109900,0
2020-11-11,sh.600183,27.6200,28.0800,26.6500,26.7200,27.6200,39300038,1065754715.3700,3,1.716200,1,-3.258500,0
2020-11-12,sh.600183,27.0000,28.2700,26.8100,27.8200,26.7200,48012048,1330747441.5000,3,2.096600,1,4.116800,0
2020-11-13,sh.600183,27.7000,28.6000,27.5500,28.5400,27.8200,50141831,1418911186.2900,3,2.189600,1,2.588100,0
2020-11-16,sh.600183,28.6500,29.1100,27.4000,27.4400,28.5400,52185647,1460523236.6300,3,2.278900,1,-3.854200,0
2020-11-17,sh.600183,27.5300,28.3200,26.6500,28.1300,27.4400,42976966,1181837953.6300,3,1.876800,1,2.514600,0
2020-11-18,sh.600183,27.7300,28.1400,27.1500,27.3300,28.1300,30664122,846734542.9000,3,1.339100,1,-2.843900,0
2020-11-19,sh.600183,27.0800,27.4500,26.7000,27.3200,27.3300,22467621,607918883.0100,3,0.981100,1,-0.036600,0
2020-11-20,sh.600183,27.0000,27.0000,26.1500,26.4600,27.3200,33692114,891063863.0400,3,1.471300,1,-3.147900,0
2020-11-23,sh.600183,26.3500,27.1000,26.0500,26.6300,26.4600,23762262,631371738.2400,3,1.037700,1,0.642500,0
2020-11-24,sh.600183,26.6500,27.2100,26.4500,26.9300,26.6300,21032447,566358335.1000,3,0.918500,1,1.126500,0
2020-11-25,sh.600183,26.9900,27.3100,26.5000,26.5000,26.9300,20632262,555190039.2500,3,0.901000,1,-1.596700,0
2020-11-26,sh.600183,26.5000,26.9900,26.3000,26.8300,26.5000,16243170,435319730.5900,3,0.709300,1,1.245300,0
2020-11-27,sh.600183,26.8500,27.6900,26.5000,27.5800,26.8300,30483977,830237310.8700,3,1.331200,1,2.795400,0
2020-11-30,sh.600183,27.5900,28.5000,27.3400,27.9100,27.5800,35693179,1006077202.2000,3,1.558700,1,1.196500,0
2020-12-01,sh.600183,28.0000,28.4100,27.7100,28.2400,27.9100,24708918,696044091.7600,3,1.079000,1,1.182400,0
2020-12-02,sh.600183,28.3900,28.6500,27.8300,28.3000,28.2400,24216489,684006770.4800,3,1.057500,1,0.212500,0
2020-12-03,sh.600183,28.7100,29.0000,28.4100,28.7500,28.3000,29731247,857009181.1900,3,1.298300,1,1.590100,0
2020-12-04,sh.600183,29.0800,30.2000,29.0800,29.4300,28.7500,49298579,1465006291.0200,3,2.152800,1,2.365200,0
2020-12-07,sh.600183,29.8800,30.4600,29.8800,30.2600,29.4300,45183899,1367088043.0200,3,1.973100,1,2.820300,0
2020-12-08,sh.600183,29.6000,29.9500,28.7000,29.1000,30.2600,41802060,1221772958.6200,3,1.825400,1,-3.833400,0
2020-12-09,sh.600183,28.8300,29.6800,28.5700,28.5900,29.1000,34317050,1000083950.8400,3,1.498600,1,-1.752600,0
2020-12-10,sh.600183,28.3400,28.5900,27.8100,27.9600,28.5900,31574469,889342243.5800,3,1.378800,1,-2.203600,0
2020-12-11,sh.600183,27.7700,28.3000,26.9100,27.1500,27.9600,32124998,882116860.2000,3,1.402900,1,-2.897000,0
2020-12-14,sh.600183,27.5000,27.8500,27.2000,27.5800,27.1500,17065420,470580706.4300,3,0.745200,1,1.583800,0
2020-12-15,sh.600183,27.4000,27.7100,26.9800,27.5700,27.5800,17556036,480642030.9700,3,0.766700,1,-0.036300,0
2020-12-16,sh.600183,27.6000,27.6500,26.5300,26.7500,27.5700,22669552,609498442.7100,3,0.990000,1,-2.974200,0
2020-12-17,sh.600183,26.7000,26.9200,26.4100,26.8500,26.7500,18843848,502240170.5000,3,0.822900,1,0.373800,0
2020-12-18,sh.600183,27.0700,27.5800,26.8000,27.0000,26.8500,22028443,598219498.7800,3,0.962000,1,0.558700,0
2020-12-21,sh.600183,26.8300,27.7100,26.6300,27.1800,27.0000,27652900,753021803.7300,3,1.207600,1,0.666700,0
2020-12-22,sh.600183,26.9000,27.0000,26.0000,26.0300,27.1800,23725471,627783299.2700,3,1.036100,1,-4.231100,0
2020-12-23,sh.600183,26.3500,26.3800,25.0000,25.4800,26.0300,42059935,1067254221.4700,3,1.836700,1,-2.112900,0
2020-12-24,sh.600183,25.5300,26.2800,25.4800,25.5300,25.4800,21802621,562524467.0400,3,0.952100,1,0.196200,0
2020-12-25,sh.600183,25.5400,27.6400,25.5300,27.5000,25.5300,40586759,1091263536.8500,3,1.772400,1,7.716400,0
2020-12-28,sh.600183,27.3000,28.6600,27.2600,28.1600,27.5000,36886423,1038064670.4600,3,1.610800,1,2.400000,0
2020-12-29,sh.600183,28.0500,28.1100,27.3800,27.7200,28.1600,27446965,762046592.7900,3,1.198600,1,-1.562500,0
2020-12-30,sh.600183,27.6000,28.4400,27.5200,28.0900,27.7200,29848552,837217068.1000,3,1.303500,1,1.334800,0
2020-12-31,sh.600183,28.2000,28.4800,27.7000,28.1600,28.0900,23654660,666296114.4900,3,1.033000,1,0.249200,0
